{"entities":{"pages":{"Getting-Started":{"id":"Getting-Started","title":"Getting Started","url":"getting-started.html","level":0,"tabIndex":0},"Introduction":{"id":"Introduction","title":"Introduction to HPC","url":"introduction.html","level":0,"pages":["Nodes","Systems","Navigating-the-Environment"],"tabIndex":1},"Nodes":{"id":"Nodes","title":"Nodes","url":"nodes.html","level":1,"parentId":"Introduction","tabIndex":0},"Systems":{"id":"Systems","title":"Systems","url":"systems.html","level":1,"parentId":"Introduction","tabIndex":1},"Navigating-the-Environment":{"id":"Navigating-the-Environment","title":"Navigating the Environment","url":"navigating-the-environment.html","level":1,"parentId":"Introduction","tabIndex":2},"Workshop":{"id":"Workshop","title":"HPC Workshop","url":"workshop.html","level":0,"pages":["README_0","README_1","README_2","README_3","README_4","README_5","README_6","README_7"],"tabIndex":2},"README_0":{"id":"README_0","title":"0. Basic Linux Terminal Navigation","url":"readme-0.html","level":1,"parentId":"Workshop","tabIndex":0},"README_1":{"id":"README_1","title":"1. Running a Basic Job on DRAC HPC","url":"readme-1.html","level":1,"parentId":"Workshop","tabIndex":1},"README_2":{"id":"README_2","title":"2. Compiling and Running a C Program","url":"readme-2.html","level":1,"parentId":"Workshop","tabIndex":2},"README_3":{"id":"README_3","title":"3. Running Parallel Jobs","url":"readme-3.html","level":1,"parentId":"Workshop","tabIndex":3},"README_4":{"id":"README_4","title":"4. Writing and Running a Python Program","url":"readme-4.html","level":1,"parentId":"Workshop","tabIndex":4},"README_5":{"id":"README_5","title":"5. Writing and Running a R Program","url":"readme-5.html","level":1,"parentId":"Workshop","tabIndex":5},"README_6":{"id":"README_6","title":"6. Transferring Files To and Fro!","url":"readme-6.html","level":1,"parentId":"Workshop","tabIndex":6},"README_7":{"id":"README_7","title":"7. GPU Programs","url":"readme-7.html","level":1,"parentId":"Workshop","tabIndex":7},"bg0atj_5":{"id":"bg0atj_5","title":"Python","level":0,"pages":["Hello-World","Runnning-Something-Real","Jupyter","Multiprocessing"],"tabIndex":3},"Hello-World":{"id":"Hello-World","title":"Hello World","url":"hello-world.html","level":1,"parentId":"bg0atj_5","tabIndex":0},"Runnning-Something-Real":{"id":"Runnning-Something-Real","title":"Beginning With Python","url":"runnning-something-real.html","level":1,"parentId":"bg0atj_5","tabIndex":1},"Jupyter":{"id":"Jupyter","title":"Jupyter","url":"jupyter.html","level":1,"parentId":"bg0atj_5","tabIndex":2},"Multiprocessing":{"id":"Multiprocessing","title":"Multiprocessing","url":"multiprocessing.html","level":1,"parentId":"bg0atj_5","tabIndex":3},"Monitoring-Jobs":{"id":"Monitoring-Jobs","title":"Monitoring Jobs","url":"monitoring-jobs.html","level":0,"tabIndex":4},"Managing-Results":{"id":"Managing-Results","title":"Managing Results","url":"managing-results.html","level":0,"tabIndex":5},"Copying-Files":{"id":"Copying-Files","title":"Copying Files","url":"copying-files.html","level":0,"tabIndex":6},"GPU-Jobs":{"id":"GPU-Jobs","title":"GPU Compute","url":"gpu-jobs.html","level":0,"tabIndex":7}}},"topLevelIds":["Getting-Started","Introduction","Workshop","bg0atj_5","Monitoring-Jobs","Managing-Results","Copying-Files","GPU-Jobs"]}