{"entities":{"pages":{"Getting-Started":{"id":"Getting-Started","title":"Getting Started","url":"getting-started.html","level":0,"tabIndex":0},"Introduction":{"id":"Introduction","title":"Introduction to HPC","url":"introduction.html","level":0,"pages":["Nodes","Systems","Navigating-the-Environment"],"tabIndex":1},"Nodes":{"id":"Nodes","title":"Nodes","url":"nodes.html","level":1,"parentId":"Introduction","tabIndex":0},"Systems":{"id":"Systems","title":"Systems","url":"systems.html","level":1,"parentId":"Introduction","tabIndex":1},"Navigating-the-Environment":{"id":"Navigating-the-Environment","title":"Navigating the Environment","url":"navigating-the-environment.html","level":1,"parentId":"Introduction","tabIndex":2},"ed0x38_4":{"id":"ed0x38_4","title":"Python","level":0,"pages":["Hello-World","Runnning-Something-Real","Jupyter"],"tabIndex":2},"Hello-World":{"id":"Hello-World","title":"Hello World","url":"hello-world.html","level":1,"parentId":"ed0x38_4","tabIndex":0},"Runnning-Something-Real":{"id":"Runnning-Something-Real","title":"Beginning With Python","url":"runnning-something-real.html","level":1,"parentId":"ed0x38_4","tabIndex":1},"Jupyter":{"id":"Jupyter","title":"Jupyter","url":"jupyter.html","level":1,"parentId":"ed0x38_4","tabIndex":2},"Monitoring-Jobs":{"id":"Monitoring-Jobs","title":"Monitoring Jobs","url":"monitoring-jobs.html","level":0,"tabIndex":3},"Managing-Results":{"id":"Managing-Results","title":"Managing Results","url":"managing-results.html","level":0,"tabIndex":4},"Copying-Files":{"id":"Copying-Files","title":"Copying Files","url":"copying-files.html","level":0,"tabIndex":5},"Multiprocessing":{"id":"Multiprocessing","title":"Multiprocessing","url":"multiprocessing.html","level":0,"tabIndex":6},"GPU-Jobs":{"id":"GPU-Jobs","title":"GPU Jobs","url":"gpu-jobs.html","level":0,"tabIndex":7}}},"topLevelIds":["Getting-Started","Introduction","ed0x38_4","Monitoring-Jobs","Managing-Results","Copying-Files","Multiprocessing","GPU-Jobs"]}